{
    "loss": 37.88818359375,
    "accuracy": 0.4313725531101227
}