{
    "loss": 0.43820494413375854,
    "accuracy": 0.8627451062202454
}